,Accuracy,Precision,Recall,F1,ROC AUC,Cross-entropy loss
Logistic Regression,0.8878074444298303,0.8917633005383795,0.8878074444298303,0.8875235097104676,0.9680328426260503,0.24758835440496443
Neural Network,0.8547283966855189,0.8674188088524727,0.8547283966855189,0.8534630736067844,0.9409780286200254,0.3294619884999239
Random Forest,0.9268709719847429,0.9285935134672271,0.9268709719847429,0.9267974206618854,0.9862449680272376,0.17953488200400866
