,Accuracy,Precision,Recall,F1,ROC AUC,Cross-entropy loss
Combined model,0.8615020386689465,0.8720810133740584,0.8615020386689465,0.8605105507251467,0.9880424147075416,0.18785579655616008
