,Accuracy,Precision,Recall,F1,ROC AUC,Cross-entropy loss
Logistic Regression,0.7682493752466132,0.7978273341065621,0.7682493752466132,0.7623489488855012,0.838058483217433,0.5095726702153175
Neural Network,0.7335262396422465,0.7676284010014074,0.7335262396422465,0.7247581666552307,0.8211482556995463,0.5273986896610489
Random Forest,0.8432197816651322,0.8553370500508531,0.8432197816651322,0.841871707378482,0.9314985851978483,0.3558320905356404
