,Accuracy,Precision,Recall,F1,ROC AUC,Cross-entropy loss
Logistic Regression,0.8665000657635143,0.8742197947137542,0.8665000657635143,0.8658080087059264,0.9588174912230402,0.287684949035647
Neural Network,0.8367749572537156,0.8586576784918952,0.8367749572537156,0.8342466874363889,0.9352630641777341,0.356413761741207
Random Forest,0.9859923714323293,0.9860236572203317,0.9859923714323293,0.9859921460077312,0.9985056640437782,0.047868880947495945
