,Accuracy,Precision,Recall,F1,ROC AUC,Cross-entropy loss
Logistic Regression,0.8182296461922925,0.8278744357942054,0.8182296461922925,0.8168829988512648,0.888719016869107,0.43030306066289703
Neural Network,0.8215835854268052,0.8308889336814336,0.8215835854268052,0.8203203353726023,0.8850532653327812,0.44086549240673434
Random Forest,0.8470998290148626,0.858660385299275,0.8470998290148626,0.8458577275102329,0.9423692257960642,0.32204510158082755
